{
  "type": "object",
  "required": [
    "components",
    "data_flows",
    "constraints",
    "evidence_chunk_ids"
  ],
  "properties": {
    "components": {
      "type": "array",
      "items": {
        "type": "string"
      }
    },
    "data_flows": {
      "type": "array",
      "items": {
        "type": "string"
      }
    },
    "constraints": {
      "type": "array",
      "items": {
        "type": "string"
      }
    },
    "unknowns": {
      "type": "array",
      "items": {
        "type": "string"
      }
    },
    "evidence_chunk_ids": {
      "type": "array",
      "items": {
        "type": "string"
      }
    }
  }
}