{
  "type": "object",
  "required": [
    "summary",
    "top_risks",
    "next_experiment",
    "evidence_chunk_ids"
  ],
  "properties": {
    "summary": {
      "type": "string"
    },
    "top_risks": {
      "type": "array",
      "items": {
        "type": "string"
      }
    },
    "next_experiment": {
      "type": "string"
    },
    "unknowns": {
      "type": "array",
      "items": {
        "type": "string"
      }
    },
    "evidence_chunk_ids": {
      "type": "array",
      "items": {
        "type": "string"
      }
    }
  }
}