{
  "type": "object",
  "required": [
    "phases",
    "gates",
    "metrics",
    "evidence_chunk_ids"
  ],
  "properties": {
    "phases": {
      "type": "array",
      "items": {
        "type": "string"
      }
    },
    "gates": {
      "type": "array",
      "items": {
        "type": "string"
      }
    },
    "metrics": {
      "type": "array",
      "items": {
        "type": "string"
      }
    },
    "unknowns": {
      "type": "array",
      "items": {
        "type": "string"
      }
    },
    "evidence_chunk_ids": {
      "type": "array",
      "items": {
        "type": "string"
      }
    }
  }
}