{
  "type": "object",
  "required": [
    "technical",
    "security",
    "ux",
    "mitigations",
    "evidence_chunk_ids"
  ],
  "properties": {
    "technical": {
      "type": "array",
      "items": {
        "type": "string"
      }
    },
    "security": {
      "type": "array",
      "items": {
        "type": "string"
      }
    },
    "ux": {
      "type": "array",
      "items": {
        "type": "string"
      }
    },
    "mitigations": {
      "type": "array",
      "items": {
        "type": "string"
      }
    },
    "unknowns": {
      "type": "array",
      "items": {
        "type": "string"
      }
    },
    "evidence_chunk_ids": {
      "type": "array",
      "items": {
        "type": "string"
      }
    }
  }
}